ID,Type,Capacity,Today,Coords
101,Battery,6,2,"53.84105185502859, -3.0281751322607087"
102,Battery,3,2,"53.83809883345518, -3.0239327270646656"
103,Battery,3,1,"53.76279215115322, -2.980001616395649"
104,Hydrogen,8,8,"53.90648618992025, -2.934594943077659"
